País de residencia	Tipo de dato	Periodo	Total
Total	Dato base	2020M09	1.140.186
Total	Dato base	2020M08	2.442.999
Total	Dato base	2020M07	2.464.441
Total	Dato base	2020M06	204.926
Total	Dato base	2020M05	0
Total	Dato base	2020M04	0
Total	Dato base	2020M03	2.018.323
Total	Dato base	2020M02	4.423.576
Total	Dato base	2020M01	4.138.371
Total	Dato base	2019M12	4.304.741
Total	Dato base	2019M11	4.655.021
Total	Dato base	2019M10	7.587.749
Total	Dato base	2019M09	8.845.152
Total	Dato base	2019M08	10.118.366
Total	Dato base	2019M07	9.873.270
Total	Dato base	2019M06	8.833.893
Total	Dato base	2019M05	7.919.204
Total	Dato base	2019M04	7.146.033
Total	Dato base	2019M03	5.649.577
Total	Dato base	2019M02	4.380.504
Total	Dato base	2019M01	4.195.641
Total	Dato base	2018M12	4.354.798
Total	Dato base	2018M11	4.536.873
Total	Dato base	2018M10	7.649.860
Total	Dato base	2018M09	8.932.308
Total	Dato base	2018M08	10.175.761
Total	Dato base	2018M07	10.020.246
Total	Dato base	2018M06	8.554.306
Total	Dato base	2018M05	8.086.048
Total	Dato base	2018M04	6.780.378
Total	Dato base	2018M03	5.393.186
Total	Dato base	2018M02	4.218.047
Total	Dato base	2018M01	4.106.601
Total	Dato base	2017M12	3.982.530
Total	Dato base	2017M11	4.392.575
Total	Dato base	2017M10	7.269.931
Total	Dato base	2017M09	8.877.270
Total	Dato base	2017M08	10.397.745
Total	Dato base	2017M07	10.493.438
Total	Dato base	2017M06	8.431.975
Total	Dato base	2017M05	8.002.648
Total	Dato base	2017M04	7.081.594
Total	Dato base	2017M03	4.913.943
Total	Dato base	2017M02	4.119.137
Total	Dato base	2017M01	3.905.736
Total	Dato base	2016M12	3.990.446
Total	Dato base	2016M11	4.098.262
Total	Dato base	2016M10	7.137.723
Total	Dato base	2016M09	7.932.607
Total	Dato base	2016M08	10.027.471
Total	Dato base	2016M07	9.545.792
Total	Dato base	2016M06	7.552.758
Total	Dato base	2016M05	7.111.154
Total	Dato base	2016M04	6.086.327
Total	Dato base	2016M03	4.627.206
Total	Dato base	2016M02	3.678.726
Total	Dato base	2016M01	3.526.537
Total	Dato base	2015M12	3.512.914
Total	Dato base	2015M11	3.754.802
Total	Dato base	2015M10	6.432.341
Alemania	Dato base	2020M09	90.495
Alemania	Dato base	2020M08	298.217
Alemania	Dato base	2020M07	432.302
Alemania	Dato base	2020M06	33.740
Alemania	Dato base	2020M05	0
Alemania	Dato base	2020M04	0
Alemania	Dato base	2020M03	277.862
Alemania	Dato base	2020M02	542.495
Alemania	Dato base	2020M01	493.711
Alemania	Dato base	2019M12	495.062
Alemania	Dato base	2019M11	569.008
Alemania	Dato base	2019M10	1.126.442
Alemania	Dato base	2019M09	1.265.644
Alemania	Dato base	2019M08	1.130.065
Alemania	Dato base	2019M07	1.243.087
Alemania	Dato base	2019M06	1.295.337
Alemania	Dato base	2019M05	1.085.570
Alemania	Dato base	2019M04	1.072.814
Alemania	Dato base	2019M03	809.144
Alemania	Dato base	2019M02	548.064
Alemania	Dato base	2019M01	517.785
Alemania	Dato base	2018M12	537.026
Alemania	Dato base	2018M11	575.223
Alemania	Dato base	2018M10	1.229.193
Alemania	Dato base	2018M09	1.363.598
Alemania	Dato base	2018M08	1.261.896
Alemania	Dato base	2018M07	1.281.415
Alemania	Dato base	2018M06	1.206.593
Alemania	Dato base	2018M05	1.180.827
Alemania	Dato base	2018M04	917.613
Alemania	Dato base	2018M03	823.232
Alemania	Dato base	2018M02	536.034
Alemania	Dato base	2018M01	502.305
Alemania	Dato base	2017M12	481.391
Alemania	Dato base	2017M11	592.676
Alemania	Dato base	2017M10	1.223.097
Alemania	Dato base	2017M09	1.404.947
Alemania	Dato base	2017M08	1.341.709
Alemania	Dato base	2017M07	1.385.774
Alemania	Dato base	2017M06	1.419.474
Alemania	Dato base	2017M05	1.190.326
Alemania	Dato base	2017M04	1.138.904
Alemania	Dato base	2017M03	718.709
Alemania	Dato base	2017M02	518.185
Alemania	Dato base	2017M01	482.184
Alemania	Dato base	2016M12	456.142
Alemania	Dato base	2016M11	545.434
Alemania	Dato base	2016M10	1.280.465
Alemania	Dato base	2016M09	1.292.163
Alemania	Dato base	2016M08	1.366.503
Alemania	Dato base	2016M07	1.296.255
Alemania	Dato base	2016M06	1.222.455
Alemania	Dato base	2016M05	1.192.192
Alemania	Dato base	2016M04	866.532
Alemania	Dato base	2016M03	737.620
Alemania	Dato base	2016M02	483.878
Alemania	Dato base	2016M01	469.017
Alemania	Dato base	2015M12	401.150
Alemania	Dato base	2015M11	510.192
Alemania	Dato base	2015M10	1.067.611
Bélgica	Dato base	2020M09	39.983
Bélgica	Dato base	2020M08	119.284
Bélgica	Dato base	2020M07	154.826
Bélgica	Dato base	2020M06	9.608
Bélgica	Dato base	2020M05	0
Bélgica	Dato base	2020M04	0
Bélgica	Dato base	2020M03	65.970
Bélgica	Dato base	2020M02	132.630
Bélgica	Dato base	2020M01	118.988
Bélgica	Dato base	2019M12	129.864
Bélgica	Dato base	2019M11	139.559
Bélgica	Dato base	2019M10	183.385
Bélgica	Dato base	2019M09	267.754
Bélgica	Dato base	2019M08	306.038
Bélgica	Dato base	2019M07	385.358
Bélgica	Dato base	2019M06	245.796
Bélgica	Dato base	2019M05	204.034
Bélgica	Dato base	2019M04	242.254
Bélgica	Dato base	2019M03	178.684
Bélgica	Dato base	2019M02	122.700
Bélgica	Dato base	2019M01	120.461
Bélgica	Dato base	2018M12	115.299
Bélgica	Dato base	2018M11	138.519
Bélgica	Dato base	2018M10	196.418
Bélgica	Dato base	2018M09	258.322
Bélgica	Dato base	2018M08	298.838
Bélgica	Dato base	2018M07	397.051
Bélgica	Dato base	2018M06	226.520
Bélgica	Dato base	2018M05	213.616
Bélgica	Dato base	2018M04	249.303
Bélgica	Dato base	2018M03	156.116
Bélgica	Dato base	2018M02	123.761
Bélgica	Dato base	2018M01	131.383
Bélgica	Dato base	2017M12	122.783
Bélgica	Dato base	2017M11	132.832
Bélgica	Dato base	2017M10	197.532
Bélgica	Dato base	2017M09	281.477
Bélgica	Dato base	2017M08	301.614
Bélgica	Dato base	2017M07	422.876
Bélgica	Dato base	2017M06	206.755
Bélgica	Dato base	2017M05	229.497
Bélgica	Dato base	2017M04	218.630
Bélgica	Dato base	2017M03	137.961
Bélgica	Dato base	2017M02	112.805
Bélgica	Dato base	2017M01	109.958
Bélgica	Dato base	2016M12	102.695
Bélgica	Dato base	2016M11	128.386
Bélgica	Dato base	2016M10	170.744
Bélgica	Dato base	2016M09	216.837
Bélgica	Dato base	2016M08	315.018
Bélgica	Dato base	2016M07	417.082
Bélgica	Dato base	2016M06	199.187
Bélgica	Dato base	2016M05	201.928
Bélgica	Dato base	2016M04	174.938
Bélgica	Dato base	2016M03	148.582
Bélgica	Dato base	2016M02	116.367
Bélgica	Dato base	2016M01	109.863
Bélgica	Dato base	2015M12	103.653
Bélgica	Dato base	2015M11	121.438
Bélgica	Dato base	2015M10	156.458
Francia	Dato base	2020M09	389.773
Francia	Dato base	2020M08	863.665
Francia	Dato base	2020M07	597.244
Francia	Dato base	2020M06	64.895
Francia	Dato base	2020M05	0
Francia	Dato base	2020M04	0
Francia	Dato base	2020M03	288.903
Francia	Dato base	2020M02	580.121
Francia	Dato base	2020M01	480.364
Francia	Dato base	2019M12	552.553
Francia	Dato base	2019M11	574.259
Francia	Dato base	2019M10	893.084
Francia	Dato base	2019M09	984.031
Francia	Dato base	2019M08	2.019.857
Francia	Dato base	2019M07	1.436.108
Francia	Dato base	2019M06	958.217
Francia	Dato base	2019M05	1.020.302
Francia	Dato base	2019M04	1.019.617
Francia	Dato base	2019M03	676.480
Francia	Dato base	2019M02	566.827
Francia	Dato base	2019M01	446.062
Francia	Dato base	2018M12	553.866
Francia	Dato base	2018M11	477.488
Francia	Dato base	2018M10	910.512
Francia	Dato base	2018M09	1.043.434
Francia	Dato base	2018M08	2.114.381
Francia	Dato base	2018M07	1.388.735
Francia	Dato base	2018M06	895.721
Francia	Dato base	2018M05	1.146.661
Francia	Dato base	2018M04	1.080.895
Francia	Dato base	2018M03	647.445
Francia	Dato base	2018M02	545.120
Francia	Dato base	2018M01	489.063
Francia	Dato base	2017M12	552.099
Francia	Dato base	2017M11	536.506
Francia	Dato base	2017M10	840.631
Francia	Dato base	2017M09	984.552
Francia	Dato base	2017M08	2.041.073
Francia	Dato base	2017M07	1.556.913
Francia	Dato base	2017M06	857.190
Francia	Dato base	2017M05	1.080.860
Francia	Dato base	2017M04	1.137.148
Francia	Dato base	2017M03	615.336
Francia	Dato base	2017M02	600.228
Francia	Dato base	2017M01	464.734
Francia	Dato base	2016M12	608.018
Francia	Dato base	2016M11	533.056
Francia	Dato base	2016M10	933.819
Francia	Dato base	2016M09	976.503
Francia	Dato base	2016M08	2.172.343
Francia	Dato base	2016M07	1.513.745
Francia	Dato base	2016M06	823.641
Francia	Dato base	2016M05	1.060.300
Francia	Dato base	2016M04	1.083.531
Francia	Dato base	2016M03	549.879
Francia	Dato base	2016M02	531.144
Francia	Dato base	2016M01	472.562
Francia	Dato base	2015M12	567.048
Francia	Dato base	2015M11	605.893
Francia	Dato base	2015M10	964.469
Irlanda	Dato base	2020M09	15.557
Irlanda	Dato base	2020M08	25.758
Irlanda	Dato base	2020M07	31.323
Irlanda	Dato base	2020M06	.
Irlanda	Dato base	2020M05	0
Irlanda	Dato base	2020M04	0
Irlanda	Dato base	2020M03	38.949
Irlanda	Dato base	2020M02	96.032
Irlanda	Dato base	2020M01	85.375
Irlanda	Dato base	2019M12	83.633
Irlanda	Dato base	2019M11	94.334
Irlanda	Dato base	2019M10	195.168
Irlanda	Dato base	2019M09	253.182
Irlanda	Dato base	2019M08	266.927
Irlanda	Dato base	2019M07	286.096
Irlanda	Dato base	2019M06	282.177
Irlanda	Dato base	2019M05	237.509
Irlanda	Dato base	2019M04	173.919
Irlanda	Dato base	2019M03	124.441
Irlanda	Dato base	2019M02	90.556
Irlanda	Dato base	2019M01	89.650
Irlanda	Dato base	2018M12	93.838
Irlanda	Dato base	2018M11	85.430
Irlanda	Dato base	2018M10	197.182
Irlanda	Dato base	2018M09	236.984
Irlanda	Dato base	2018M08	222.755
Irlanda	Dato base	2018M07	268.390
Irlanda	Dato base	2018M06	269.507
Irlanda	Dato base	2018M05	229.976
Irlanda	Dato base	2018M04	164.830
Irlanda	Dato base	2018M03	118.310
Irlanda	Dato base	2018M02	85.754
Irlanda	Dato base	2018M01	80.430
Irlanda	Dato base	2017M12	82.879
Irlanda	Dato base	2017M11	95.627
Irlanda	Dato base	2017M10	179.191
Irlanda	Dato base	2017M09	222.057
Irlanda	Dato base	2017M08	232.183
Irlanda	Dato base	2017M07	300.461
Irlanda	Dato base	2017M06	263.682
Irlanda	Dato base	2017M05	230.113
Irlanda	Dato base	2017M04	179.189
Irlanda	Dato base	2017M03	97.536
Irlanda	Dato base	2017M02	78.412
Irlanda	Dato base	2017M01	84.791
Irlanda	Dato base	2016M12	76.925
Irlanda	Dato base	2016M11	91.096
Irlanda	Dato base	2016M10	187.289
Irlanda	Dato base	2016M09	220.140
Irlanda	Dato base	2016M08	224.548
Irlanda	Dato base	2016M07	222.677
Irlanda	Dato base	2016M06	222.725
Irlanda	Dato base	2016M05	188.634
Irlanda	Dato base	2016M04	125.848
Irlanda	Dato base	2016M03	110.303
Irlanda	Dato base	2016M02	69.114
Irlanda	Dato base	2016M01	69.169
Irlanda	Dato base	2015M12	59.601
Irlanda	Dato base	2015M11	66.710
Irlanda	Dato base	2015M10	143.378
Italia	Dato base	2020M09	59.611
Italia	Dato base	2020M08	137.978
Italia	Dato base	2020M07	103.650
Italia	Dato base	2020M06	10.426
Italia	Dato base	2020M05	0
Italia	Dato base	2020M04	0
Italia	Dato base	2020M03	69.894
Italia	Dato base	2020M02	249.262
Italia	Dato base	2020M01	233.589
Italia	Dato base	2019M12	305.220
Italia	Dato base	2019M11	294.195
Italia	Dato base	2019M10	323.855
Italia	Dato base	2019M09	431.263
Italia	Dato base	2019M08	671.330
Italia	Dato base	2019M07	481.829
Italia	Dato base	2019M06	405.887
Italia	Dato base	2019M05	403.175
Italia	Dato base	2019M04	388.321
Italia	Dato base	2019M03	320.311
Italia	Dato base	2019M02	263.903
Italia	Dato base	2019M01	245.224
Italia	Dato base	2018M12	297.914
Italia	Dato base	2018M11	287.656
Italia	Dato base	2018M10	324.470
Italia	Dato base	2018M09	467.229
Italia	Dato base	2018M08	636.112
Italia	Dato base	2018M07	490.594
Italia	Dato base	2018M06	420.236
Italia	Dato base	2018M05	342.494
Italia	Dato base	2018M04	347.141
Italia	Dato base	2018M03	283.169
Italia	Dato base	2018M02	233.046
Italia	Dato base	2018M01	259.393
Italia	Dato base	2017M12	261.413
Italia	Dato base	2017M11	255.504
Italia	Dato base	2017M10	303.950
Italia	Dato base	2017M09	386.059
Italia	Dato base	2017M08	649.424
Italia	Dato base	2017M07	515.237
Italia	Dato base	2017M06	408.387
Italia	Dato base	2017M05	365.256
Italia	Dato base	2017M04	347.714
Italia	Dato base	2017M03	265.201
Italia	Dato base	2017M02	210.541
Italia	Dato base	2017M01	254.180
Italia	Dato base	2016M12	262.757
Italia	Dato base	2016M11	234.531
Italia	Dato base	2016M10	292.811
Italia	Dato base	2016M09	345.530
Italia	Dato base	2016M08	669.959
Italia	Dato base	2016M07	449.455
Italia	Dato base	2016M06	394.281
Italia	Dato base	2016M05	319.683
Italia	Dato base	2016M04	306.745
Italia	Dato base	2016M03	248.525
Italia	Dato base	2016M02	219.179
Italia	Dato base	2016M01	225.865
Italia	Dato base	2015M12	239.878
Italia	Dato base	2015M11	211.530
Italia	Dato base	2015M10	262.178
Países Bajos	Dato base	2020M09	33.624
Países Bajos	Dato base	2020M08	151.308
Países Bajos	Dato base	2020M07	189.995
Países Bajos	Dato base	2020M06	12.321
Países Bajos	Dato base	2020M05	0
Países Bajos	Dato base	2020M04	0
Países Bajos	Dato base	2020M03	94.969
Países Bajos	Dato base	2020M02	201.503
Países Bajos	Dato base	2020M01	163.329
Países Bajos	Dato base	2019M12	163.930
Países Bajos	Dato base	2019M11	182.139
Países Bajos	Dato base	2019M10	337.848
Países Bajos	Dato base	2019M09	375.562
Países Bajos	Dato base	2019M08	454.867
Países Bajos	Dato base	2019M07	508.260
Países Bajos	Dato base	2019M06	395.792
Países Bajos	Dato base	2019M05	426.675
Países Bajos	Dato base	2019M04	296.074
Países Bajos	Dato base	2019M03	221.834
Países Bajos	Dato base	2019M02	168.722
Países Bajos	Dato base	2019M01	152.557
Países Bajos	Dato base	2018M12	153.905
Países Bajos	Dato base	2018M11	166.221
Países Bajos	Dato base	2018M10	376.098
Países Bajos	Dato base	2018M09	382.511
Países Bajos	Dato base	2018M08	502.545
Países Bajos	Dato base	2018M07	537.542
Países Bajos	Dato base	2018M06	404.676
Países Bajos	Dato base	2018M05	446.583
Países Bajos	Dato base	2018M04	324.884
Países Bajos	Dato base	2018M03	227.053
Países Bajos	Dato base	2018M02	172.552
Países Bajos	Dato base	2018M01	160.700
Países Bajos	Dato base	2017M12	134.242
Países Bajos	Dato base	2017M11	165.527
Países Bajos	Dato base	2017M10	363.241
Países Bajos	Dato base	2017M09	379.013
Países Bajos	Dato base	2017M08	528.911
Países Bajos	Dato base	2017M07	563.122
Países Bajos	Dato base	2017M06	350.954
Países Bajos	Dato base	2017M05	421.259
Países Bajos	Dato base	2017M04	283.275
Países Bajos	Dato base	2017M03	199.662
Países Bajos	Dato base	2017M02	168.291
Países Bajos	Dato base	2017M01	147.053
Países Bajos	Dato base	2016M12	140.414
Países Bajos	Dato base	2016M11	145.803
Países Bajos	Dato base	2016M10	304.075
Países Bajos	Dato base	2016M09	321.168
Países Bajos	Dato base	2016M08	477.827
Países Bajos	Dato base	2016M07	508.443
Países Bajos	Dato base	2016M06	306.457
Países Bajos	Dato base	2016M05	380.876
Países Bajos	Dato base	2016M04	321.507
Países Bajos	Dato base	2016M03	175.242
Países Bajos	Dato base	2016M02	148.557
Países Bajos	Dato base	2016M01	124.662
Países Bajos	Dato base	2015M12	134.481
Países Bajos	Dato base	2015M11	127.758
Países Bajos	Dato base	2015M10	290.035
Países Nórdicos	Dato base	2020M09	36.095
Países Nórdicos	Dato base	2020M08	47.990
Países Nórdicos	Dato base	2020M07	95.263
Países Nórdicos	Dato base	2020M06	3.965
Países Nórdicos	Dato base	2020M05	0
Países Nórdicos	Dato base	2020M04	0
Países Nórdicos	Dato base	2020M03	164.028
Países Nórdicos	Dato base	2020M02	393.432
Países Nórdicos	Dato base	2020M01	342.118
Países Nórdicos	Dato base	2019M12	364.141
Países Nórdicos	Dato base	2019M11	424.650
Países Nórdicos	Dato base	2019M10	562.666
Países Nórdicos	Dato base	2019M09	480.401
Países Nórdicos	Dato base	2019M08	391.171
Países Nórdicos	Dato base	2019M07	662.151
Países Nórdicos	Dato base	2019M06	497.735
Países Nórdicos	Dato base	2019M05	431.764
Países Nórdicos	Dato base	2019M04	450.295
Países Nórdicos	Dato base	2019M03	493.878
Países Nórdicos	Dato base	2019M02	392.980
Países Nórdicos	Dato base	2019M01	378.280
Países Nórdicos	Dato base	2018M12	374.348
Países Nórdicos	Dato base	2018M11	409.266
Países Nórdicos	Dato base	2018M10	556.384
Países Nórdicos	Dato base	2018M09	467.916
Países Nórdicos	Dato base	2018M08	398.674
Países Nórdicos	Dato base	2018M07	765.737
Países Nórdicos	Dato base	2018M06	541.184
Países Nórdicos	Dato base	2018M05	475.760
Países Nórdicos	Dato base	2018M04	463.226
Países Nórdicos	Dato base	2018M03	504.352
Países Nórdicos	Dato base	2018M02	420.378
Países Nórdicos	Dato base	2018M01	426.310
Países Nórdicos	Dato base	2017M12	396.602
Países Nórdicos	Dato base	2017M11	435.826
Países Nórdicos	Dato base	2017M10	584.930
Países Nórdicos	Dato base	2017M09	498.100
Países Nórdicos	Dato base	2017M08	431.136
Países Nórdicos	Dato base	2017M07	757.074
Países Nórdicos	Dato base	2017M06	504.068
Países Nórdicos	Dato base	2017M05	496.039
Países Nórdicos	Dato base	2017M04	473.229
Países Nórdicos	Dato base	2017M03	455.820
Países Nórdicos	Dato base	2017M02	410.377
Países Nórdicos	Dato base	2017M01	383.348
Países Nórdicos	Dato base	2016M12	365.635
Países Nórdicos	Dato base	2016M11	400.748
Países Nórdicos	Dato base	2016M10	538.452
Países Nórdicos	Dato base	2016M09	409.879
Países Nórdicos	Dato base	2016M08	349.532
Países Nórdicos	Dato base	2016M07	656.881
Países Nórdicos	Dato base	2016M06	409.531
Países Nórdicos	Dato base	2016M05	359.162
Países Nórdicos	Dato base	2016M04	399.954
Países Nórdicos	Dato base	2016M03	449.035
Países Nórdicos	Dato base	2016M02	398.662
Países Nórdicos	Dato base	2016M01	391.552
Países Nórdicos	Dato base	2015M12	339.403
Países Nórdicos	Dato base	2015M11	363.392
Países Nórdicos	Dato base	2015M10	507.661
Portugal	Dato base	2020M09	69.967
Portugal	Dato base	2020M08	112.767
Portugal	Dato base	2020M07	90.022
Portugal	Dato base	2020M06	.
Portugal	Dato base	2020M05	0
Portugal	Dato base	2020M04	0
Portugal	Dato base	2020M03	69.699
Portugal	Dato base	2020M02	175.949
Portugal	Dato base	2020M01	130.405
Portugal	Dato base	2019M12	136.294
Portugal	Dato base	2019M11	123.350
Portugal	Dato base	2019M10	174.778
Portugal	Dato base	2019M09	256.227
Portugal	Dato base	2019M08	389.692
Portugal	Dato base	2019M07	256.503
Portugal	Dato base	2019M06	229.556
Portugal	Dato base	2019M05	159.476
Portugal	Dato base	2019M04	231.213
Portugal	Dato base	2019M03	184.721
Portugal	Dato base	2019M02	145.289
Portugal	Dato base	2019M01	141.690
Portugal	Dato base	2018M12	149.171
Portugal	Dato base	2018M11	161.192
Portugal	Dato base	2018M10	185.346
Portugal	Dato base	2018M09	239.695
Portugal	Dato base	2018M08	375.260
Portugal	Dato base	2018M07	263.732
Portugal	Dato base	2018M06	197.373
Portugal	Dato base	2018M05	161.734
Portugal	Dato base	2018M04	200.992
Portugal	Dato base	2018M03	150.281
Portugal	Dato base	2018M02	143.291
Portugal	Dato base	2018M01	116.255
Portugal	Dato base	2017M12	142.332
Portugal	Dato base	2017M11	135.089
Portugal	Dato base	2017M10	151.995
Portugal	Dato base	2017M09	212.172
Portugal	Dato base	2017M08	345.464
Portugal	Dato base	2017M07	269.867
Portugal	Dato base	2017M06	193.478
Portugal	Dato base	2017M05	132.494
Portugal	Dato base	2017M04	215.631
Portugal	Dato base	2017M03	116.401
Portugal	Dato base	2017M02	123.007
Portugal	Dato base	2017M01	99.950
Portugal	Dato base	2016M12	121.732
Portugal	Dato base	2016M11	119.243
Portugal	Dato base	2016M10	174.223
Portugal	Dato base	2016M09	209.792
Portugal	Dato base	2016M08	308.361
Portugal	Dato base	2016M07	237.412
Portugal	Dato base	2016M06	198.076
Portugal	Dato base	2016M05	137.558
Portugal	Dato base	2016M04	145.539
Portugal	Dato base	2016M03	143.662
Portugal	Dato base	2016M02	104.442
Portugal	Dato base	2016M01	96.123
Portugal	Dato base	2015M12	115.301
Portugal	Dato base	2015M11	90.633
Portugal	Dato base	2015M10	136.812
Reino Unido	Dato base	2020M09	161.899
Reino Unido	Dato base	2020M08	256.528
Reino Unido	Dato base	2020M07	377.886
Reino Unido	Dato base	2020M06	8.473
Reino Unido	Dato base	2020M05	0
Reino Unido	Dato base	2020M04	0
Reino Unido	Dato base	2020M03	397.117
Reino Unido	Dato base	2020M02	907.321
Reino Unido	Dato base	2020M01	718.248
Reino Unido	Dato base	2019M12	786.044
Reino Unido	Dato base	2019M11	872.392
Reino Unido	Dato base	2019M10	1.643.636
Reino Unido	Dato base	2019M09	2.094.377
Reino Unido	Dato base	2019M08	2.172.298
Reino Unido	Dato base	2019M07	2.154.808
Reino Unido	Dato base	2019M06	2.074.006
Reino Unido	Dato base	2019M05	1.950.529
Reino Unido	Dato base	2019M04	1.461.671
Reino Unido	Dato base	2019M03	1.109.683
Reino Unido	Dato base	2019M02	885.676
Reino Unido	Dato base	2019M01	807.362
Reino Unido	Dato base	2018M12	856.447
Reino Unido	Dato base	2018M11	934.572
Reino Unido	Dato base	2018M10	1.732.143
Reino Unido	Dato base	2018M09	2.110.577
Reino Unido	Dato base	2018M08	2.248.604
Reino Unido	Dato base	2018M07	2.214.662
Reino Unido	Dato base	2018M06	2.173.824
Reino Unido	Dato base	2018M05	1.983.454
Reino Unido	Dato base	2018M04	1.422.435
Reino Unido	Dato base	2018M03	1.184.251
Reino Unido	Dato base	2018M02	863.704
Reino Unido	Dato base	2018M01	799.284
Reino Unido	Dato base	2017M12	812.153
Reino Unido	Dato base	2017M11	911.187
Reino Unido	Dato base	2017M10	1.658.268
Reino Unido	Dato base	2017M09	2.173.773
Reino Unido	Dato base	2017M08	2.323.782
Reino Unido	Dato base	2017M07	2.327.431
Reino Unido	Dato base	2017M06	2.185.425
Reino Unido	Dato base	2017M05	2.066.225
Reino Unido	Dato base	2017M04	1.507.935
Reino Unido	Dato base	2017M03	1.123.087
Reino Unido	Dato base	2017M02	919.566
Reino Unido	Dato base	2017M01	797.942
Reino Unido	Dato base	2016M12	880.670
Reino Unido	Dato base	2016M11	866.957
Reino Unido	Dato base	2016M10	1.654.697
Reino Unido	Dato base	2016M09	1.995.183
Reino Unido	Dato base	2016M08	2.248.819
Reino Unido	Dato base	2016M07	2.166.552
Reino Unido	Dato base	2016M06	2.088.747
Reino Unido	Dato base	2016M05	1.794.232
Reino Unido	Dato base	2016M04	1.423.065
Reino Unido	Dato base	2016M03	1.058.312
Reino Unido	Dato base	2016M02	805.843
Reino Unido	Dato base	2016M01	692.291
Reino Unido	Dato base	2015M12	758.202
Reino Unido	Dato base	2015M11	770.874
Reino Unido	Dato base	2015M10	1.563.317
Rusia	Dato base	2020M09	.
Rusia	Dato base	2020M08	.
Rusia	Dato base	2020M07	.
Rusia	Dato base	2020M06	.
Rusia	Dato base	2020M05	0
Rusia	Dato base	2020M04	0
Rusia	Dato base	2020M03	21.386
Rusia	Dato base	2020M02	46.502
Rusia	Dato base	2020M01	64.262
Rusia	Dato base	2019M12	52.703
Rusia	Dato base	2019M11	53.368
Rusia	Dato base	2019M10	104.958
Rusia	Dato base	2019M09	165.380
Rusia	Dato base	2019M08	177.019
Rusia	Dato base	2019M07	183.441
Rusia	Dato base	2019M06	182.043
Rusia	Dato base	2019M05	123.984
Rusia	Dato base	2019M04	83.726
Rusia	Dato base	2019M03	70.851
Rusia	Dato base	2019M02	49.956
Rusia	Dato base	2019M01	66.650
Rusia	Dato base	2018M12	60.591
Rusia	Dato base	2018M11	53.863
Rusia	Dato base	2018M10	90.668
Rusia	Dato base	2018M09	164.321
Rusia	Dato base	2018M08	176.076
Rusia	Dato base	2018M07	174.914
Rusia	Dato base	2018M06	170.552
Rusia	Dato base	2018M05	91.104
Rusia	Dato base	2018M04	73.575
Rusia	Dato base	2018M03	55.937
Rusia	Dato base	2018M02	47.935
Rusia	Dato base	2018M01	67.994
Rusia	Dato base	2017M12	51.567
Rusia	Dato base	2017M11	51.893
Rusia	Dato base	2017M10	80.793
Rusia	Dato base	2017M09	151.099
Rusia	Dato base	2017M08	171.799
Rusia	Dato base	2017M07	185.668
Rusia	Dato base	2017M06	150.092
Rusia	Dato base	2017M05	82.499
Rusia	Dato base	2017M04	67.226
Rusia	Dato base	2017M03	49.303
Rusia	Dato base	2017M02	44.640
Rusia	Dato base	2017M01	63.477
Rusia	Dato base	2016M12	45.102
Rusia	Dato base	2016M11	41.379
Rusia	Dato base	2016M10	78.009
Rusia	Dato base	2016M09	129.200
Rusia	Dato base	2016M08	160.554
Rusia	Dato base	2016M07	150.320
Rusia	Dato base	2016M06	131.166
Rusia	Dato base	2016M05	78.032
Rusia	Dato base	2016M04	54.845
Rusia	Dato base	2016M03	42.001
Rusia	Dato base	2016M02	34.455
Rusia	Dato base	2016M01	59.514
Rusia	Dato base	2015M12	40.739
Rusia	Dato base	2015M11	50.384
Rusia	Dato base	2015M10	62.414
Suiza 	Dato base	2020M09	18.381
Suiza 	Dato base	2020M08	47.578
Suiza 	Dato base	2020M07	83.860
Suiza 	Dato base	2020M06	3.610
Suiza 	Dato base	2020M05	0
Suiza 	Dato base	2020M04	0
Suiza 	Dato base	2020M03	37.661
Suiza 	Dato base	2020M02	85.080
Suiza 	Dato base	2020M01	76.210
Suiza 	Dato base	2019M12	88.968
Suiza 	Dato base	2019M11	91.331
Suiza 	Dato base	2019M10	210.047
Suiza 	Dato base	2019M09	199.550
Suiza 	Dato base	2019M08	196.316
Suiza 	Dato base	2019M07	247.378
Suiza 	Dato base	2019M06	190.718
Suiza 	Dato base	2019M05	131.098
Suiza 	Dato base	2019M04	175.457
Suiza 	Dato base	2019M03	114.059
Suiza 	Dato base	2019M02	88.945
Suiza 	Dato base	2019M01	78.000
Suiza 	Dato base	2018M12	96.415
Suiza 	Dato base	2018M11	106.684
Suiza 	Dato base	2018M10	200.112
Suiza 	Dato base	2018M09	211.919
Suiza 	Dato base	2018M08	179.311
Suiza 	Dato base	2018M07	273.581
Suiza 	Dato base	2018M06	159.264
Suiza 	Dato base	2018M05	191.905
Suiza 	Dato base	2018M04	176.900
Suiza 	Dato base	2018M03	108.945
Suiza 	Dato base	2018M02	85.915
Suiza 	Dato base	2018M01	92.196
Suiza 	Dato base	2017M12	94.798
Suiza 	Dato base	2017M11	105.400
Suiza 	Dato base	2017M10	249.547
Suiza 	Dato base	2017M09	203.617
Suiza 	Dato base	2017M08	218.783
Suiza 	Dato base	2017M07	276.514
Suiza 	Dato base	2017M06	195.246
Suiza 	Dato base	2017M05	173.210
Suiza 	Dato base	2017M04	216.142
Suiza 	Dato base	2017M03	115.620
Suiza 	Dato base	2017M02	114.652
Suiza 	Dato base	2017M01	95.671
Suiza 	Dato base	2016M12	91.721
Suiza 	Dato base	2016M11	98.907
Suiza 	Dato base	2016M10	211.558
Suiza 	Dato base	2016M09	169.488
Suiza 	Dato base	2016M08	164.190
Suiza 	Dato base	2016M07	236.705
Suiza 	Dato base	2016M06	169.307
Suiza 	Dato base	2016M05	153.471
Suiza 	Dato base	2016M04	153.333
Suiza 	Dato base	2016M03	101.243
Suiza 	Dato base	2016M02	75.023
Suiza 	Dato base	2016M01	78.534
Suiza 	Dato base	2015M12	81.370
Suiza 	Dato base	2015M11	91.820
Suiza 	Dato base	2015M10	181.527
Resto de Europa	Dato base	2020M09	131.692
Resto de Europa	Dato base	2020M08	234.043
Resto de Europa	Dato base	2020M07	177.896
Resto de Europa	Dato base	2020M06	21.330
Resto de Europa	Dato base	2020M05	0
Resto de Europa	Dato base	2020M04	0
Resto de Europa	Dato base	2020M03	163.504
Resto de Europa	Dato base	2020M02	368.760
Resto de Europa	Dato base	2020M01	363.739
Resto de Europa	Dato base	2019M12	346.405
Resto de Europa	Dato base	2019M11	383.600
Resto de Europa	Dato base	2019M10	598.012
Resto de Europa	Dato base	2019M09	681.821
Resto de Europa	Dato base	2019M08	686.542
Resto de Europa	Dato base	2019M07	712.534
Resto de Europa	Dato base	2019M06	694.440
Resto de Europa	Dato base	2019M05	616.029
Resto de Europa	Dato base	2019M04	526.060
Resto de Europa	Dato base	2019M03	432.480
Resto de Europa	Dato base	2019M02	394.226
Resto de Europa	Dato base	2019M01	369.273
Resto de Europa	Dato base	2018M12	342.320
Resto de Europa	Dato base	2018M11	366.391
Resto de Europa	Dato base	2018M10	547.000
Resto de Europa	Dato base	2018M09	689.886
Resto de Europa	Dato base	2018M08	641.511
Resto de Europa	Dato base	2018M07	731.277
Resto de Europa	Dato base	2018M06	657.468
Resto de Europa	Dato base	2018M05	551.401
Resto de Europa	Dato base	2018M04	443.967
Resto de Europa	Dato base	2018M03	369.810
Resto de Europa	Dato base	2018M02	329.451
Resto de Europa	Dato base	2018M01	333.146
Resto de Europa	Dato base	2017M12	255.006
Resto de Europa	Dato base	2017M11	332.524
Resto de Europa	Dato base	2017M10	475.020
Resto de Europa	Dato base	2017M09	659.547
Resto de Europa	Dato base	2017M08	649.326
Resto de Europa	Dato base	2017M07	724.318
Resto de Europa	Dato base	2017M06	554.570
Resto de Europa	Dato base	2017M05	495.635
Resto de Europa	Dato base	2017M04	432.908
Resto de Europa	Dato base	2017M03	375.452
Resto de Europa	Dato base	2017M02	300.718
Resto de Europa	Dato base	2017M01	287.987
Resto de Europa	Dato base	2016M12	283.374
Resto de Europa	Dato base	2016M11	331.553
Resto de Europa	Dato base	2016M10	473.076
Resto de Europa	Dato base	2016M09	594.254
Resto de Europa	Dato base	2016M08	571.136
Resto de Europa	Dato base	2016M07	602.731
Resto de Europa	Dato base	2016M06	515.615
Resto de Europa	Dato base	2016M05	433.116
Resto de Europa	Dato base	2016M04	374.274
Resto de Europa	Dato base	2016M03	342.955
Resto de Europa	Dato base	2016M02	245.245
Resto de Europa	Dato base	2016M01	259.633
Resto de Europa	Dato base	2015M12	228.954
Resto de Europa	Dato base	2015M11	273.428
Resto de Europa	Dato base	2015M10	368.885
Estados Unidos de América	Dato base	2020M09	9.709
Estados Unidos de América	Dato base	2020M08	12.498
Estados Unidos de América	Dato base	2020M07	14.943
Estados Unidos de América	Dato base	2020M06	.
Estados Unidos de América	Dato base	2020M05	0
Estados Unidos de América	Dato base	2020M04	0
Estados Unidos de América	Dato base	2020M03	81.672
Estados Unidos de América	Dato base	2020M02	123.694
Estados Unidos de América	Dato base	2020M01	142.279
Estados Unidos de América	Dato base	2019M12	174.682
Estados Unidos de América	Dato base	2019M11	217.435
Estados Unidos de América	Dato base	2019M10	304.838
Estados Unidos de América	Dato base	2019M09	363.472
Estados Unidos de América	Dato base	2019M08	274.194
Estados Unidos de América	Dato base	2019M07	424.512
Estados Unidos de América	Dato base	2019M06	434.190
Estados Unidos de América	Dato base	2019M05	344.081
Estados Unidos de América	Dato base	2019M04	258.668
Estados Unidos de América	Dato base	2019M03	245.642
Estados Unidos de América	Dato base	2019M02	134.549
Estados Unidos de América	Dato base	2019M01	148.607
Estados Unidos de América	Dato base	2018M12	165.259
Estados Unidos de América	Dato base	2018M11	186.385
Estados Unidos de América	Dato base	2018M10	303.563
Estados Unidos de América	Dato base	2018M09	309.146
Estados Unidos de América	Dato base	2018M08	252.804
Estados Unidos de América	Dato base	2018M07	358.464
Estados Unidos de América	Dato base	2018M06	397.104
Estados Unidos de América	Dato base	2018M05	318.279
Estados Unidos de América	Dato base	2018M04	231.626
Estados Unidos de América	Dato base	2018M03	206.825
Estados Unidos de América	Dato base	2018M02	111.260
Estados Unidos de América	Dato base	2018M01	118.772
Estados Unidos de América	Dato base	2017M12	128.530
Estados Unidos de América	Dato base	2017M11	154.266
Estados Unidos de América	Dato base	2017M10	244.060
Estados Unidos de América	Dato base	2017M09	321.304
Estados Unidos de América	Dato base	2017M08	232.819
Estados Unidos de América	Dato base	2017M07	316.982
Estados Unidos de América	Dato base	2017M06	349.657
Estados Unidos de América	Dato base	2017M05	282.968
Estados Unidos de América	Dato base	2017M04	216.435
Estados Unidos de América	Dato base	2017M03	192.300
Estados Unidos de América	Dato base	2017M02	99.612
Estados Unidos de América	Dato base	2017M01	98.550
Estados Unidos de América	Dato base	2016M12	116.122
Estados Unidos de América	Dato base	2016M11	119.530
Estados Unidos de América	Dato base	2016M10	185.856
Estados Unidos de América	Dato base	2016M09	228.566
Estados Unidos de América	Dato base	2016M08	186.638
Estados Unidos de América	Dato base	2016M07	275.329
Estados Unidos de América	Dato base	2016M06	273.590
Estados Unidos de América	Dato base	2016M05	195.801
Estados Unidos de América	Dato base	2016M04	136.351
Estados Unidos de América	Dato base	2016M03	132.024
Estados Unidos de América	Dato base	2016M02	78.965
Estados Unidos de América	Dato base	2016M01	73.040
Estados Unidos de América	Dato base	2015M12	92.352
Estados Unidos de América	Dato base	2015M11	105.205
Estados Unidos de América	Dato base	2015M10	189.891
Resto América	Dato base	2020M09	50.971
Resto América	Dato base	2020M08	55.385
Resto América	Dato base	2020M07	40.822
Resto América	Dato base	2020M06	.
Resto América	Dato base	2020M05	0
Resto América	Dato base	2020M04	0
Resto América	Dato base	2020M03	136.581
Resto América	Dato base	2020M02	237.255
Resto América	Dato base	2020M01	305.853
Resto América	Dato base	2019M12	236.741
Resto América	Dato base	2019M11	226.741
Resto América	Dato base	2019M10	396.760
Resto América	Dato base	2019M09	424.042
Resto América	Dato base	2019M08	345.582
Resto América	Dato base	2019M07	372.981
Resto América	Dato base	2019M06	370.334
Resto América	Dato base	2019M05	374.846
Resto América	Dato base	2019M04	293.192
Resto América	Dato base	2019M03	264.724
Resto América	Dato base	2019M02	206.506
Resto América	Dato base	2019M01	254.827
Resto América	Dato base	2018M12	203.512
Resto América	Dato base	2018M11	224.808
Resto América	Dato base	2018M10	337.283
Resto América	Dato base	2018M09	364.492
Resto América	Dato base	2018M08	302.021
Resto América	Dato base	2018M07	358.525
Resto América	Dato base	2018M06	325.072
Resto América	Dato base	2018M05	355.114
Resto América	Dato base	2018M04	264.344
Resto América	Dato base	2018M03	228.902
Resto América	Dato base	2018M02	205.773
Resto América	Dato base	2018M01	241.214
Resto América	Dato base	2017M12	191.506
Resto América	Dato base	2017M11	209.297
Resto América	Dato base	2017M10	312.762
Resto América	Dato base	2017M09	392.102
Resto América	Dato base	2017M08	302.425
Resto América	Dato base	2017M07	341.512
Resto América	Dato base	2017M06	323.603
Resto América	Dato base	2017M05	324.824
Resto América	Dato base	2017M04	253.405
Resto América	Dato base	2017M03	167.000
Resto América	Dato base	2017M02	168.197
Resto América	Dato base	2017M01	241.898
Resto América	Dato base	2016M12	169.939
Resto América	Dato base	2016M11	166.440
Resto América	Dato base	2016M10	269.827
Resto América	Dato base	2016M09	297.858
Resto América	Dato base	2016M08	264.711
Resto América	Dato base	2016M07	301.709
Resto América	Dato base	2016M06	251.558
Resto América	Dato base	2016M05	251.011
Resto América	Dato base	2016M04	189.682
Resto América	Dato base	2016M03	133.185
Resto América	Dato base	2016M02	118.069
Resto América	Dato base	2016M01	158.072
Resto América	Dato base	2015M12	126.957
Resto América	Dato base	2015M11	122.747
Resto América	Dato base	2015M10	217.625
Resto del Mundo	Dato base	2020M09	28.457
Resto del Mundo	Dato base	2020M08	76.879
Resto del Mundo	Dato base	2020M07	70.523
Resto del Mundo	Dato base	2020M06	.
Resto del Mundo	Dato base	2020M05	0
Resto del Mundo	Dato base	2020M04	0
Resto del Mundo	Dato base	2020M03	110.127
Resto del Mundo	Dato base	2020M02	283.539
Resto del Mundo	Dato base	2020M01	419.902
Resto del Mundo	Dato base	2019M12	388.502
Resto del Mundo	Dato base	2019M11	408.660
Resto del Mundo	Dato base	2019M10	532.272
Resto del Mundo	Dato base	2019M09	602.447
Resto del Mundo	Dato base	2019M08	636.466
Resto del Mundo	Dato base	2019M07	518.224
Resto del Mundo	Dato base	2019M06	577.667
Resto del Mundo	Dato base	2019M05	410.132
Resto del Mundo	Dato base	2019M04	472.754
Resto del Mundo	Dato base	2019M03	402.645
Resto del Mundo	Dato base	2019M02	321.603
Resto del Mundo	Dato base	2019M01	379.212
Resto del Mundo	Dato base	2018M12	354.885
Resto del Mundo	Dato base	2018M11	363.175
Resto del Mundo	Dato base	2018M10	463.488
Resto del Mundo	Dato base	2018M09	622.279
Resto del Mundo	Dato base	2018M08	564.972
Resto del Mundo	Dato base	2018M07	515.627
Resto del Mundo	Dato base	2018M06	509.213
Resto del Mundo	Dato base	2018M05	397.140
Resto del Mundo	Dato base	2018M04	418.646
Resto del Mundo	Dato base	2018M03	328.561
Resto del Mundo	Dato base	2018M02	314.074
Resto del Mundo	Dato base	2018M01	288.154
Resto del Mundo	Dato base	2017M12	275.228
Resto del Mundo	Dato base	2017M11	278.420
Resto del Mundo	Dato base	2017M10	404.913
Resto del Mundo	Dato base	2017M09	607.450
Resto del Mundo	Dato base	2017M08	627.297
Resto del Mundo	Dato base	2017M07	549.688
Resto del Mundo	Dato base	2017M06	469.392
Resto del Mundo	Dato base	2017M05	431.446
Resto del Mundo	Dato base	2017M04	393.825
Resto del Mundo	Dato base	2017M03	284.555
Resto del Mundo	Dato base	2017M02	249.906
Resto del Mundo	Dato base	2017M01	294.014
Resto del Mundo	Dato base	2016M12	269.200
Resto del Mundo	Dato base	2016M11	275.199
Resto del Mundo	Dato base	2016M10	382.821
Resto del Mundo	Dato base	2016M09	526.047
Resto del Mundo	Dato base	2016M08	547.331
Resto del Mundo	Dato base	2016M07	510.493
Resto del Mundo	Dato base	2016M06	346.420
Resto del Mundo	Dato base	2016M05	365.158
Resto del Mundo	Dato base	2016M04	330.184
Resto del Mundo	Dato base	2016M03	254.638
Resto del Mundo	Dato base	2016M02	249.785
Resto del Mundo	Dato base	2016M01	246.638
Resto del Mundo	Dato base	2015M12	223.824
Resto del Mundo	Dato base	2015M11	242.798
Resto del Mundo	Dato base	2015M10	320.081
